timestamp,total,identical,divergent,rate
2026-06-09T20:11:34.994Z,203,203,0,1.0000
2026-06-10T06:27:45.076Z,203,203,0,1.0000
2026-06-11T06:53:02.515Z,203,203,0,1.0000
2026-06-12T06:45:13.770Z,203,203,0,1.0000
2026-06-13T06:20:26.827Z,203,203,0,1.0000
2026-06-14T06:46:21.472Z,203,203,0,1.0000
2026-06-15T07:24:38.986Z,203,203,0,1.0000
2026-06-16T07:32:24.918Z,203,203,0,1.0000
2026-06-22T07:29:25.104Z,208,208,0,1.0000
2026-06-23T06:10:49.483Z,208,208,0,1.0000
2026-06-24T06:10:19.584Z,208,208,0,1.0000
2026-06-25T06:11:05.527Z,208,208,0,1.0000
2026-06-26T06:16:23.509Z,208,208,0,1.0000
2026-06-27T05:58:13.307Z,208,208,0,1.0000
2026-06-28T06:23:26.178Z,208,208,0,1.0000
2026-06-29T06:53:19.346Z,208,208,0,1.0000
2026-06-30T06:17:16.073Z,212,212,0,1.0000
2026-07-01T06:30:31.729Z,212,212,0,1.0000
2026-07-02T06:04:16.010Z,212,212,0,1.0000
2026-07-03T05:56:59.755Z,212,212,0,1.0000
2026-07-04T05:49:44.135Z,212,212,0,1.0000
2026-07-05T06:10:07.903Z,212,212,0,1.0000
2026-07-06T06:41:08.546Z,212,212,0,1.0000
2026-07-07T06:12:04.834Z,212,212,0,1.0000
2026-07-08T05:25:17.410Z,212,212,0,1.0000
2026-07-09T06:08:39.042Z,212,212,0,1.0000
2026-07-10T06:07:28.633Z,212,212,0,1.0000
2026-07-11T05:16:15.247Z,212,212,0,1.0000
2026-07-12T05:31:53.756Z,212,212,0,1.0000
2026-07-13T05:40:37.283Z,212,212,0,1.0000
2026-07-14T04:56:12.834Z,212,212,0,1.0000
2026-07-15T04:54:38.145Z,212,212,0,1.0000
2026-07-16T05:14:05.639Z,212,212,0,1.0000
2026-07-17T05:18:32.997Z,212,212,0,1.0000
2026-07-18T04:52:01.513Z,212,212,0,1.0000
2026-07-19T05:27:11.114Z,212,212,0,1.0000
2026-07-20T05:43:35.132Z,212,212,0,1.0000
2026-07-21T05:24:15.720Z,212,212,0,1.0000
2026-07-22T05:22:42.295Z,212,212,0,1.0000
2026-07-23T05:28:24.241Z,212,212,0,1.0000
2026-07-24T05:23:47.981Z,212,212,0,1.0000
2026-07-25T05:20:10.256Z,212,212,0,1.0000
2026-07-26T05:36:04.666Z,212,212,0,1.0000
2026-07-27T05:54:30.879Z,212,212,0,1.0000
2026-07-28T05:18:28.026Z,213,213,0,1.0000
2026-07-29T08:13:04.836Z,213,213,0,1.0000
2026-07-30T05:12:07.125Z,213,213,0,1.0000
2026-08-02T10:55:22.822Z,213,213,0,1.0000
2026-08-03T05:46:20.178Z,213,213,0,1.0000
2026-08-04T05:18:18.158Z,213,213,0,1.0000
2026-08-05T05:18:08.821Z,213,213,0,1.0000
2026-08-06T05:20:27.384Z,213,213,0,1.0000
2026-08-07T04:27:59.282Z,213,213,0,1.0000
2026-08-08T03:30:39.936Z,213,213,0,1.0000
2026-08-09T03:45:40.846Z,213,213,0,1.0000
2026-08-10T03:59:01.448Z,213,213,0,1.0000
2026-08-11T03:47:27.547Z,213,213,0,1.0000
2026-08-12T04:11:07.503Z,213,213,0,1.0000
2026-08-13T04:14:45.675Z,213,213,0,1.0000
2026-08-14T04:12:12.392Z,213,213,0,1.0000
2026-08-15T02:54:58.566Z,213,213,0,1.0000
2026-08-16T03:02:29.497Z,213,213,0,1.0000
2026-08-17T03:02:45.298Z,213,213,0,1.0000
2026-08-18T02:58:30.971Z,214,214,0,1.0000
2026-08-19T02:59:25.072Z,217,217,0,1.0000
2026-08-20T03:01:05.482Z,217,217,0,1.0000
2026-08-21T03:05:46.495Z,217,217,0,1.0000
2026-08-22T02:58:02.719Z,217,217,0,1.0000
2026-08-23T03:06:47.305Z,217,217,0,1.0000
2026-08-24T03:06:08.818Z,217,217,0,1.0000
2026-08-25T03:01:13.278Z,217,217,0,1.0000
2026-08-26T03:08:09.973Z,217,217,0,1.0000
2026-08-27T12:27:32.738Z,217,217,0,1.0000
2026-08-28T13:58:15.058Z,217,217,0,1.0000
2026-08-29T08:45:08.947Z,218,218,0,1.0000
2026-08-30T08:01:49.578Z,218,218,0,1.0000
2026-08-31T08:14:30.492Z,218,218,0,1.0000
2026-09-01T07:26:18.242Z,218,218,0,1.0000
2026-09-02T06:55:50.943Z,218,218,0,1.0000
2026-09-03T06:59:48.384Z,218,218,0,1.0000
2026-09-04T07:10:16.148Z,218,218,0,1.0000
2026-09-05T06:47:58.007Z,218,218,0,1.0000
