timestamp,total,identical,divergent,rate
2026-06-09T20:11:34.994Z,203,203,0,1.0000
2026-06-10T06:27:45.076Z,203,203,0,1.0000
2026-06-11T06:53:02.515Z,203,203,0,1.0000
2026-06-12T06:45:13.770Z,203,203,0,1.0000
2026-06-13T06:20:26.827Z,203,203,0,1.0000
2026-06-14T06:46:21.472Z,203,203,0,1.0000
2026-06-15T07:24:38.986Z,203,203,0,1.0000
2026-06-16T07:32:24.918Z,203,203,0,1.0000
2026-06-22T07:29:25.104Z,208,208,0,1.0000
2026-06-23T06:10:49.483Z,208,208,0,1.0000
2026-06-24T06:10:19.584Z,208,208,0,1.0000
2026-06-25T06:11:05.527Z,208,208,0,1.0000
2026-06-26T06:16:23.509Z,208,208,0,1.0000
2026-06-27T05:58:13.307Z,208,208,0,1.0000
2026-06-28T06:23:26.178Z,208,208,0,1.0000
2026-06-29T06:53:19.346Z,208,208,0,1.0000
2026-06-30T06:17:16.073Z,212,212,0,1.0000
2026-07-01T06:30:31.729Z,212,212,0,1.0000
2026-07-02T06:04:16.010Z,212,212,0,1.0000
2026-07-03T05:56:59.755Z,212,212,0,1.0000
2026-07-04T05:49:44.135Z,212,212,0,1.0000
